City,Latitude,Longitude,Demand,Dist_to_Global_CoG,Weighted_Dist_Global_CoG,cluster_k2,cluster_k3,cluster_k4,cluster_k5,selected_cluster,Dist_to_Capital,Dist_to_Port,PC1,PC2,PC3,PC4,PC5
Bogotá,4.711,-74.0721,950,197.94877981937375,188051.34082840505,0,2,2,4,0,0.0,650.3440226725003,-1.3330422995229172,2.9918306322325265,1.336559991404059,0.1334400330098393,0.0032836263217701626
Medellín,6.2442,-75.5812,700,71.92667740367638,50348.674182573464,0,2,2,0,0,238.6732931528472,461.23971130362753,-0.3708477250350795,1.1247299059454836,1.5815516742091849,-0.264411627005805,0.017647215918925763
Cali,3.4516,-76.532,620,360.33032630850795,223404.80231127492,0,0,0,2,0,306.67058948778714,780.3150309359686,-1.6292209122320171,0.13358401739783565,1.6888214909624086,0.3339513577242067,0.026620360123844534
Barranquilla,10.9639,-74.7964,480,521.8795771948425,250502.19705352437,1,1,1,1,1,699.8497994707296,98.1220283629367,2.5429446465766534,0.10465952604308727,1.162407611540515,0.2989754663967352,0.03921202901506097
Cartagena,10.391,-75.4794,350,461.9202596368295,161672.09087289032,1,1,1,1,1,650.3440226725003,0.0,2.412007156327791,-0.48519665311288596,1.0332028008726375,-0.3482645859385725,-0.18153305188950955
Bucaramanga,7.1193,-73.1227,300,220.7987421035172,66239.62263105516,1,2,3,3,1,287.6400012405476,446.55285010258376,0.5454894906505016,1.0753746008191323,-0.8954173673874788,0.23557868458431375,-0.08611787228273977
Pereira,4.8087,-75.6906,220,183.18253237397641,40300.15712227481,0,2,2,0,0,179.6772320122945,621.1602618967785,-1.0276035833317965,-0.26782674564068815,-0.1307058143091116,-0.5444325151598955,0.08057766769338885
Manizales,5.0689,-75.5174,180,148.72101732300519,26769.783118140935,0,2,2,0,0,164.99635619577288,591.8061369866344,-0.900235871278969,-0.2540811337296109,-0.35136204901534096,-0.6424168187242093,0.0810807758286769
Cúcuta,7.8939,-72.5078,260,322.50077267750174,83850.20089615045,1,1,3,3,1,393.8841698352243,428.37486099199725,1.1051001349821081,1.0548679119947828,-1.1968098864067018,0.655555180761018,-0.07848465625455749
Santa Marta,11.2408,-74.199,210,558.2833649126715,117239.506631661,1,1,1,1,1,726.2159415309488,168.77563679185994,2.698193774617091,-0.45369570196172865,-0.03529112686172228,0.44363243059246654,0.18873588264899163
Ibagué,4.4389,-75.2322,190,206.5854380160518,39251.23322304984,0,2,2,0,0,132.0979383431608,662.404760293161,-1.1882726574132108,-0.053086549801888414,-0.5279595928357408,-0.4774158064650196,0.056397673748270524
Villavicencio,4.142,-73.6266,240,277.4571052346299,66589.70525631118,0,2,2,4,0,80.2646226632435,724.2584760922788,-1.1680945829211444,0.9501546185790896,-1.2254554148608003,0.05223756073707246,-0.04688040665325629
Pasto,1.2136,-77.2811,150,619.9765478705748,92996.48218058622,0,0,0,2,0,527.4300854494426,1039.7217382570677,-2.1895273562710784,-2.1826083290666056,0.5786979820023215,0.9814088269233342,-0.058131555891034185
Montería,8.7479,-75.8814,170,294.52049907082795,50068.48484204075,1,1,1,1,1,491.32351276750654,187.94612375543127,1.3089134196318473,-0.9513037092489782,0.3531763311192053,-0.7007429683314926,-0.024534193070897686
Neiva,2.9273,-75.2819,160,373.98697954855703,59837.91672776912,0,0,0,2,0,239.4851074022486,830.2129015188958,-1.615376323541329,-0.477259525510718,-0.5722291119113607,0.22340187147158808,-0.062203142563535596
Popayán,2.4448,-76.6147,130,464.7338657744847,60415.40255068301,0,0,0,2,0,378.29943531360186,892.4247062804097,-1.8122357468144519,-1.5301636082178232,0.09675482209017565,0.3545561997407969,-0.005759843828609265
Valledupar,10.4631,-73.2532,140,501.19492242443215,70167.2891394205,1,1,1,1,1,645.9369799207656,243.58605578447387,2.4251291085512623,-0.07012040513019578,-0.8588691494375351,0.6129488856296277,0.09997631884590548
Armenia,4.5339,-75.6811,150,210.388968825196,31558.345323779402,0,2,2,0,0,179.41484907595358,651.6599078728744,-1.1284007798481133,-0.4801189883125197,-0.38730964633527626,-0.5332846278317537,0.07806712170889278
Sincelejo,9.3047,-75.3978,120,341.0716157063921,40928.59388476705,1,1,1,1,1,531.3266856359785,121.12157372322623,1.7575506871091946,-0.9164116100892713,0.025842132646385515,-0.6216929856738114,-0.10540458425821805
Tunja,5.5353,-73.3678,110,191.350179851067,21048.51978361737,0,2,2,4,0,120.35524923498144,587.845812796631,-0.43247058023634083,0.6866717468109772,-1.6756056774858243,-0.1930245624404393,-0.022549365161369694
